OBJECTID,MXLOCATION,designvolt,status,description,type,Symbol,Shape__Length,GlobalID
1,AHA-DOB-A,66,COMMISSIONED,Arahura - Dobson A,TRANSLINE,66 TRANSLINE,8857.46440836165,e472d139-ad43-4dbb-afa3-18742c8eb2de
2,AHA-DOB-A1-CBL,66,COMMISSIONED,AHA-DOB-A1-CBL Section,CABLE,66 CABLE,470.196468692008,477fe78f-db79-4879-9ca7-d48c63eb3508
3,AHA-OTI-A,66,COMMISSIONED,Arahura - Otira A,TRANSLINE,66 TRANSLINE,63421.1775846478,7d437602-6626-49ad-b1a9-6c93f633fd03
4,ALB-HPI-A,220,COMMISSIONED,Albany - Huapai A,TRANSLINE,220 TRANSLINE,14887.8050679823,aab0b586-6886-409c-8746-1f00ac2925a6
5,ALB-SVL-A,220,COMMISSIONED,Albany - Silverdale A,TRANSLINE,220 TRANSLINE,14346.2632928135,67bd35ff-ecfc-4a9e-9d44-afcd9db6e002
6,ALB-WRD-C-CBL,220,COMMISSIONED,Albany - Wairau Road Cable C,CABLE,220 CABLE,8372.8233808627,03eba4c4-1ea7-4629-9d6b-d9d31a43c049
7,ARA-WRK-A,220,COMMISSIONED,Aratiatia - Wairakei A,TRANSLINE,220 TRANSLINE,4564.26499099791,c3b1fcb8-4ea0-4533-874c-3193a1b945bf
8,ARI-EDG-A,110,COMMISSIONED,Arapuni - Edgecumbe A,TRANSLINE,110 TRANSLINE,80565.8374112732,6982356b-b973-44c4-865c-154fe548f9e8
9,ARI-EDG-B,110,COMMISSIONED,Arapuni - Edgecumbe B,TRANSLINE,110 TRANSLINE,79597.8157479109,6b69eab1-75ef-441f-99a3-6d7dc47705c8
10,ARI-HAM-A,110,COMMISSIONED,Arapuni - Hamilton A,TRANSLINE,110 TRANSLINE,47281.4575089006,adaed34e-210a-4eba-97e2-f728b21f3525
11,ARI-HAM-B,110,COMMISSIONED,Arapuni - Hamilton B,TRANSLINE,110 TRANSLINE,47307.9994757916,de7de3b3-e5be-4a10-898e-b5768f4ee123
12,ARI-ONG-A,110,COMMISSIONED,Arapuni - Ongarue A,TRANSLINE,110 TRANSLINE,40714.1404056268,13a2fd83-d0c7-49d0-b78c-c98948f23494
13,ARI-ONG-B,110,COMMISSIONED,Arapuni - Ongarue B,TRANSLINE,110 TRANSLINE,91901.7113638892,ded6f9ad-7894-4109-9dd9-e2fdc234b246
14,ASH-TIM-A,110,COMMISSIONED,Ashburton - Timaru A,TRANSLINE,110 TRANSLINE,17988.6676817011,164b0935-34d5-4797-a31d-a1d4d93af08c
15,ASH-TIM-B,110,COMMISSIONED,Ashburton - Timaru B,TRANSLINE,110 TRANSLINE,15729.8074014066,b901bd24-7421-458f-a60e-32f45c3487ca
16,ASY-DEV-A,66,COMMISSIONED,Ashley - Deviation A,TRANSLINE,66 TRANSLINE,3926.11206886965,97333440-07e4-46dc-b3f8-39076fce3e48
18,ATI-TRK-A,220,COMMISSIONED,Atiamuri - Tarukenga A,TRANSLINE,220 TRANSLINE,44623.7434524003,1bed9eed-80fc-4284-9a45-a97cb458ca69
19,AVI-BEN-A,220,COMMISSIONED,Aviemore - Benmore A,TRANSLINE,220 TRANSLINE,18421.5932965758,3418f4e1-cc05-4d88-91dd-017dea53ba2a
20,AVI-LIV-A,220,COMMISSIONED,Aviemore - Livingstone A,TRANSLINE,220 TRANSLINE,40632.6323423651,0b0ca4c2-417c-4378-b125-310886c6eb75
21,BAL-DEV-A,110,COMMISSIONED,Balclutha - Deviation A,TRANSLINE,110 TRANSLINE,13321.5859553375,49e41447-a8c8-45a6-af16-1a20fbbf491c
22,BDE-DEV-A,110,COMMISSIONED,Brydone - Deviation A,TRANSLINE,110 TRANSLINE,3441.32499912655,c4194bc8-a6b3-4dce-9049-0f6ab759189c
23,BEN-BGR-A,0,COMMISSIONED,Benmore - Bog Roy A,TRANSLINE,0 TRANSLINE,7499.67955599584,b98333d3-9da3-4674-9ece-852edf38c0b7
24,BEN-HAY-A,350,COMMISSIONED,Benmore - Haywards A,TRANSLINE,350 TRANSLINE,552374.477489489,aaba2784-b101-4ff2-9b94-4e7cdc7103bf
25,BEN-ISL-A,220,COMMISSIONED,Benmore - Islington A,TRANSLINE,220 TRANSLINE,265487.81541037,e99ce3ce-9206-4bd7-94e9-acf7d0b392e3
26,BEN-TWZ-A,220,COMMISSIONED,Benmore - Twizel A,TRANSLINE,220 TRANSLINE,39749.4406163401,8600785e-f817-4b50-9122-e12d36bd61ee
27,BHL-PAK-A-CBL,220,COMMISSIONED,Brownhill - Pakuranga A,CABLE,220 CABLE,10794.1998390722,d03d57d8-cd8d-4ed6-8cc0-162db2182b74
28,BHL-PAK-B-CBL,220,COMMISSIONED,Brownhill - Pakuranga B,CABLE,220 CABLE,10867.2403833268,cd85a37e-cc7a-47b6-a7ec-cb16984fd15e
29,BKD-HOR-A,66,COMMISSIONED,Brackendale - Hororata A,TRANSLINE,66 TRANSLINE,14220.2917400142,ecac537e-06ea-4ac1-ab32-3830fab2e166
30,BLN-KIK-A,110,COMMISSIONED,Blenheim - Kikiwa A,TRANSLINE,110 TRANSLINE,108438.231271803,699b5810-497d-416d-8e72-a2276d060338
31,BLN-STK-A,110,COMMISSIONED,Blenheim - Stoke A,TRANSLINE,110 TRANSLINE,77020.0922988672,a3f79d8a-fb82-4e95-bb77-9d839380443d
32,BOB-MER-A,110,COMMISSIONED,Bombay - Meremere A,TRANSLINE,110 TRANSLINE,15964.9305872074,ccbc5a22-4367-4e1d-8758-1d6c2616589b
33,BPD-TEE-A,110,COMMISSIONED,Bells Pond - Tee A,TRANSLINE,110 TRANSLINE,571.026342665087,632350cc-5296-4c39-9a31-adf6f9fdd997
34,BPE-HAY-A,220,COMMISSIONED,Bunnythorpe - Haywards A,TRANSLINE,220 TRANSLINE,120001.562011871,8cde6ac2-1f7d-4a2b-a22c-f58dbb6c65e3
35,BPE-HAY-B,220,COMMISSIONED,Bunnythorpe - Haywards B,TRANSLINE,220 TRANSLINE,119757.630662815,39468f8a-b347-41ce-8947-8986684ec1ba
36,BPE-MHO-A,110,COMMISSIONED,Bunnythorpe - Mangahao A,TRANSLINE,110 TRANSLINE,42494.0220285913,91934baa-6fec-49cb-b57b-a35f6e281358
37,BPE-MHO-B,110,COMMISSIONED,Bunnythorpe - Mangahao B,TRANSLINE,110 TRANSLINE,38523.2186394358,1705a78d-a413-4e38-8127-8657c0bdb143
38,BPE-WDV-B,110,COMMISSIONED,Bunnythorpe - Woodville B,TRANSLINE,110 TRANSLINE,22395.3122052334,b455d67d-cea9-48ae-8a09-4c3507b52432
39,BPE-WIL-A,220,COMMISSIONED,Bunnythorpe - Wilton A,TRANSLINE,220 TRANSLINE,151674.407886437,e683eb92-ca63-45c0-a565-e7d32885478c
40,BPT-TEE-A,110,COMMISSIONED,Black Point - Tee A,TRANSLINE,110 TRANSLINE,3535.6973244797,7be7dce8-b494-4b2c-9522-f2fa19a8328e
41,BRB-DEV-A,220,COMMISSIONED,Bream Bay - Deviation A,TRANSLINE,220 TRANSLINE,3614.54396088644,326a7f9c-7190-4e6e-9dc5-608cecba0283
42,BRK-BPE-A,220,COMMISSIONED,Brunswick - Bunnythorpe A,TRANSLINE,220 TRANSLINE,71538.4826012506,9e66e160-6f0c-4b49-b03a-b0e181cfc4d8
43,BRK-SFD-A,220,COMMISSIONED,Brunswick - Stratford A,TRANSLINE,220 TRANSLINE,96268.3529521796,c38496ac-1b3a-4c0d-aa8c-3f7f40385522
44,BRK-SFD-B,220,COMMISSIONED,Brunswick - Stratford B,TRANSLINE,220 TRANSLINE,96741.1810114519,3bdebc41-b2aa-4a0d-95bb-d290cca53f73
45,BRY-ISL-A,220,COMMISSIONED,Bromley - Islington A,TRANSLINE,220 TRANSLINE,28312.4364730289,a6bca9ce-c9ce-4664-bd93-d299562c09cd
46,BWR-IGH-A,110,COMMISSIONED,Blackwater - Inangahua A,TRANSLINE,110 TRANSLINE,54076.9685323242,928c345a-ad2c-4917-9338-f8c71433d4f9
47,CHH-TWZ-A,220,COMMISSIONED,Christchurch - Twizel A,TRANSLINE,220 TRANSLINE,216842.263971996,5389a977-e898-420e-b178-53d1a4113e38
48,CML-FKN-A,110,COMMISSIONED,Cromwell - Frankton A,TRANSLINE,110 TRANSLINE,40832.9460986105,cb38d671-504f-4094-9d0b-fa69c6014056
49,COL-BKD-D,66,COMMISSIONED,Coleridge - Brackendale D,TRANSLINE,66 TRANSLINE,33110.8627970619,7e23d421-7fc9-4395-a5bc-cc852a15e8ab
50,CPK-WIL-A,110,COMMISSIONED,Central Park - Wilton A,TRANSLINE,110 TRANSLINE,4793.78284047954,2b92f336-938b-4477-8e26-956560fea2f0
51,CPK-WIL-B,110,COMMISSIONED,Central Park - Wilton B,TRANSLINE,110 TRANSLINE,13015.4653417324,bd4d0327-ebb6-4d02-b540-67217fd21ac7
52,CST-HUI-A,110,COMMISSIONED,Carrington St - Huirangi A,TRANSLINE,110 TRANSLINE,15427.583872314,651856b9-d4b4-4740-a1cc-dbf51a61b1b8
53,CST-NPL-A,110,COMMISSIONED,Carrington St - New Plymouth A,TRANSLINE,110 TRANSLINE,11303.5898170713,3bdce835-cc23-4a31-979b-fe2d5e59a2ec
54,CST-SFD-A,110,COMMISSIONED,Carrington St - Stratford A,TRANSLINE,110 TRANSLINE,36924.7439147995,77653c77-09f1-4fd5-9a20-37b6b8103dce
55,DOB-BWR-A,110,COMMISSIONED,Dobson - Blackwater A,TRANSLINE,110 TRANSLINE,44669.9336791054,dc023016-bcec-414e-aa57-3b2bdb672c4a
56,DOB-TEE-A,110,COMMISSIONED,Dobson - Tee A,TRANSLINE,110 TRANSLINE,74600.9614815602,36b383a9-7c53-4fb5-8f5e-e14589dfe573
57,EDG-TRK-A,220,COMMISSIONED,Edgecumbe - Tarukenga A,TRANSLINE,220 TRANSLINE,66826.565535414,d7f7cb61-73ae-49ac-8633-f9dea0ea9c59
58,FHL-DEV-A,110,COMMISSIONED,Fernhill - Deviation A,TRANSLINE,110 TRANSLINE,18437.4010895645,3d8074d0-e606-4195-9ba0-b6c117660494
59,FHL-RDF-A,110,COMMISSIONED,Fernhill - Redclyffe A,TRANSLINE,110 TRANSLINE,8220.80126237021,f0a6e7ca-41e8-4fa4-a8bd-4e93c768e84b
60,FHL-RDF-B,110,COMMISSIONED,Fernhill - Redclyffe B,TRANSLINE,110 TRANSLINE,6485.29665263678,aa283a9f-f16d-4087-9a31-580cdd1628cb
61,FHL-WDV-A,110,COMMISSIONED,Fernhill - Woodville A,TRANSLINE,110 TRANSLINE,114094.656851971,34fd52aa-9db7-4772-a805-7e854dedaf70
62,FHL-WDV-B,110,COMMISSIONED,Fernhill - Woodville B,TRANSLINE,110 TRANSLINE,112186.170903268,29784620-baa3-4f63-8d7f-af028cf829ef
63,GLN-DEV-A,220,COMMISSIONED,Glenbrook - Deviation A,TRANSLINE,220 TRANSLINE,23530.601061913,8bcc094a-c168-4ddc-8cde-1ea906151010
64,GNY-OAM-A,110,COMMISSIONED,Glenavy - Oamaru A,TRANSLINE,110 TRANSLINE,27096.4984948504,d43254d0-14fd-41d6-b9b4-dd18e73e3953
65,GNY-OAM-B,110,COMMISSIONED,Glenavy - Oamaru B,TRANSLINE,110 TRANSLINE,24503.0340593115,3c5085c2-d3a8-4ecd-8b33-b50683a64fe0
66,GNY-TIM-A,110,COMMISSIONED,Glenavy - Timaru A,TRANSLINE,110 TRANSLINE,70696.2074314773,86d3c880-0f3b-42ff-8a88-45962d8f07fc
67,GNY-WTK-A,110,COMMISSIONED,Glenavy - Waitaki A,TRANSLINE,110 TRANSLINE,61396.0135181825,c56085c1-964c-4bca-b7b1-38f9b0ab7fea
68,GOR-HWB-A,110,COMMISSIONED,Gore - Halfway Bush A,TRANSLINE,110 TRANSLINE,141762.522957352,d73826fc-d635-4818-ad55-2b576d5f10e7
69,GOR-INV-A,110,COMMISSIONED,Gore - Invercargill A,TRANSLINE,110 TRANSLINE,57273.2483228626,b98d832a-1d9d-4420-b043-7e4083b74c5f
70,GOR-ROX-A,110,COMMISSIONED,Gore - Roxburgh A,TRANSLINE,110 TRANSLINE,83517.7040560731,2afd8235-c2cf-4603-bffb-1a030c805842
71,HAI-MTM-A,110,COMMISSIONED,Hairini - Mt Maunganui A,TRANSLINE,110 TRANSLINE,8388.09489344683,6abcb132-fde7-4c02-b505-6a4b14974a0e
72,HAI-MTM-B,110,COMMISSIONED,Hairini - Mt Maunganui B,TRANSLINE,110 TRANSLINE,8763.50314820191,2493ab09-3afc-47e2-b735-25f92751c76a
73,HAI-MTM-B1-CBL,110,COMMISSIONED,HAI-MTM-B1 Cable Section,CABLE,110 CABLE,856.19226057841,80c62fe7-5bac-4260-bf3b-7ee843d5c586
74,HAI-TMI-A,110,COMMISSIONED,Hairini - Te Matai A,TRANSLINE,110 TRANSLINE,17738.4504495374,c46e8f2f-e49c-49bb-9d2a-268d3b87c2f3
75,HAM-KPO-A,110,COMMISSIONED,Hamilton - Karapiro A,TRANSLINE,110 TRANSLINE,26545.3519684337,8d4c9a25-adde-4f83-b4b1-eeaf8108b654
76,HAM-KPO-A-CBL,110,COMMISSIONED,HAM-KPO-A Cable Section,CABLE,110 CABLE,2615.86459900934,32e5330c-0979-4200-aede-5bbeaab406ec
77,HAM-WHU-A,110,COMMISSIONED,Hamilton - Waihou A,TRANSLINE,110 TRANSLINE,45291.2902560394,bcd92c94-f112-4e81-94a5-4adb639f6364
78,HAY-JFD-A,220,COMMISSIONED,Haywards - Judgeford A,TRANSLINE,220 TRANSLINE,8390.98940261815,e9da9291-1d26-4361-bc7d-ac5c0c41be82
79,HAY-MLG-A,110,COMMISSIONED,Haywards - Melling A,TRANSLINE,110 TRANSLINE,2768.89357059808,a23b9a1f-5036-459f-bff2-9843eacf87da
80,HAY-MLG-B,110,COMMISSIONED,Haywards - Melling B,TRANSLINE,110 TRANSLINE,9968.2403353971,ea6da10d-c5f5-4d30-9cf2-dd267ebbe7c4
81,HAY-TKR-A,110,COMMISSIONED,Haywards - Takapu Road A,TRANSLINE,110 TRANSLINE,9970.50897542516,c887f69b-3200-4c7b-9b4d-0526828e5975
82,HAY-UHT-A,110,COMMISSIONED,Haywards - Upper Hutt A,TRANSLINE,110 TRANSLINE,11729.2402976033,29efc2a3-f40c-4189-a976-ad120212b2ba
83,HEN-HEP-A,110,COMMISSIONED,Henderson - Hepburn Road A,TRANSLINE,110 TRANSLINE,6932.05876506591,5a23af20-0d0e-45d5-9e1b-18ec845ecd01
84,HEN-MDN-A,220,COMMISSIONED,Henderson - Marsden A,TRANSLINE,220 TRANSLINE,120125.553279002,b7f57126-8f56-41d4-b2cb-d1cc385eb392
85,HEN-MPE-A,110,COMMISSIONED,Henderson - Maungatapere A,TRANSLINE,110 TRANSLINE,137361.615225416,65665ae8-6792-4913-b5c2-10bf46680d80
86,HEN-ROS-A,110,COMMISSIONED,Henderson - Mt Roskill A,TRANSLINE,110 TRANSLINE,14762.7654918865,e72b5a18-4e63-4915-895c-70e2f75b6b86
87,HEP-ROS-A,110,COMMISSIONED,Hepburn Road - Mt Roskill A,TRANSLINE,110 TRANSLINE,7541.1155941374,ff5253fe-4f28-48c1-aac8-a34bdf300188
88,HIN-KPO-A,110,COMMISSIONED,Hinuera - Karapiro A,TRANSLINE,110 TRANSLINE,21363.8041642517,40d172c5-98df-47f6-9275-074c4d3ae518
89,HLY-DEV-A,220,COMMISSIONED,Huntly - Deviation A,TRANSLINE,220 TRANSLINE,17758.8992871089,3c801a66-662c-4476-a7dc-b15849bfbba8
90,HLY-TMN-A,220,COMMISSIONED,Huntly - Taumarunui A,TRANSLINE,220 TRANSLINE,171413.797173943,212f54ee-6293-40c6-a282-804e86bfb692
91,HOB-PEN-A-CBL,220,COMMISSIONED,Hobson Street - Penrose Cable,CABLE,220 CABLE,9232.85849978694,d22ad45e-879f-4f60-9d1d-e04153746b26
92,HOR-ISL-E,66,COMMISSIONED,Hororata - Islington E,TRANSLINE,66 TRANSLINE,46676.8519235746,b4f02267-9a73-4e60-8cb3-8c666a92b469
93,HUI-MNI-A,110,COMMISSIONED,Huirangi - Motunui A,TRANSLINE,110 TRANSLINE,8780.31102130566,7667d462-76f2-4c8b-b988-17d64c4a792d
94,HWB-ROX-A,110,COMMISSIONED,Halfway Bush - Roxburgh A,TRANSLINE,110 TRANSLINE,143325.752360187,8ed5bb26-d9f9-431e-bfdb-76d24b3eae7a
95,HWB-SDN-A,220,COMMISSIONED,Halfway Bush - South Dunedin A,TRANSLINE,220 TRANSLINE,12991.5425049044,8b8a82bf-3982-4db7-be27-dd04e8716679
96,IGH-KIK-A,110,COMMISSIONED,Inangahua - Kikiwa A,TRANSLINE,110 TRANSLINE,91910.0052422029,475d2f1b-9a28-475b-807d-dd947c72e56a
97,IGH-KIK-B,110,COMMISSIONED,Inangahua - Kikiwa B,TRANSLINE,110 TRANSLINE,97097.5112492428,76e30b9f-6e76-47d9-855f-5b0f799a2111
98,IGH-RFN-A,110,COMMISSIONED,Inangahua - Reefton A,TRANSLINE,110 TRANSLINE,32824.3336114996,3bbbde0c-3dd5-4203-a438-df1020e07a66
99,IGH-WMG-A,110,COMMISSIONED,Inangahua - Waimangaroa A,TRANSLINE,110 TRANSLINE,26227.2061128902,ecf9e907-23a7-415e-b293-b5c5b4013cd1
100,IGH-WPT-B,110,COMMISSIONED,Inangahua - Westport B,TRANSLINE,110 TRANSLINE,51753.5415737175,fd2de48f-534c-40e9-88ae-c6015b9480bf
101,INV-TWI-A,220,COMMISSIONED,Invercargill - Tiwai A,TRANSLINE,220 TRANSLINE,25227.5436301111,a4ed869c-de13-451c-9de9-aaf310538ee4
102,ISL-DEV-A,66,COMMISSIONED,Islington - Deviation A,TRANSLINE,66 TRANSLINE,6204.96568246728,f87223eb-1a1d-498f-a797-380eedd987c2
103,ISL-KIK-A,220,COMMISSIONED,Islington - Kikiwa A,TRANSLINE,220 TRANSLINE,229624.75845605,6bc19453-8c67-46c3-9afe-856941f94dc5
104,ISL-KIK-B,220,COMMISSIONED,Islington - Kikiwa B,TRANSLINE,220 TRANSLINE,237672.374325674,d3d3c37e-0b35-4608-84db-65dcded9f469
105,KAI-SBK-A,66,COMMISSIONED,Kaiapoi - Southbrook A,TRANSLINE,66 TRANSLINE,6753.79734442123,8d43445a-51ca-4c15-bae1-64af5359bffd
106,KAI-SBK-A-CBL,66,COMMISSIONED,KAI-SBK Cable Section,CABLE,66 CABLE,1615.10384768288,d247e6c5-8b56-42a8-979b-b9c769dcf092
107,KAW-DEV-A,220,COMMISSIONED,Kawerau - Deviation A,TRANSLINE,220 TRANSLINE,8933.58669360782,0f43f7fa-43f5-4f5c-bfd2-c36de1ecab9c
108,KBY-TEE-A,66,COMMISSIONED,Kimberley - Tee A,TRANSLINE,66 TRANSLINE,1390.19311419145,6ad2bb1d-afd8-4ec9-a21d-ff69ddd97fad
109,KIK-STK-A,220,COMMISSIONED,Kikiwa - Stoke A,TRANSLINE,220 TRANSLINE,53390.8950849931,1cac9f8a-159e-428b-981c-560d63710698
110,KIK-STK-B,110,COMMISSIONED,Kikiwa - Stoke B,TRANSLINE,110 TRANSLINE,53074.2892302091,9d5bf912-438e-4505-b3db-e1204c2c07b0
111,KIN-DEV-A,110,COMMISSIONED,Kinleith - Deviation A,TRANSLINE,110 TRANSLINE,23033.8950386655,358d0391-fac0-404a-85c5-63bfe3aff9bf
112,KOE-MPE-A,110,COMMISSIONED,Kaikohe - Maungatapere A,TRANSLINE,110 TRANSLINE,56468.8254666252,6f187d11-ac8b-4be6-be10-c87feb4508e8
113,KPO-TMU-A,110,COMMISSIONED,Karapiro - Te Awamutu A,TRANSLINE,110 TRANSLINE,22277.670225802,5ddfb5eb-2e74-46f4-88e6-c500fd712f04
114,LCH-KIN-A,110,COMMISSIONED,Lichfield - Kinleith A,TRANSLINE,110 TRANSLINE,19201.1989155143,4f8251d5-2a0b-4cbf-9bdf-503526fc4017
115,LCH-KIN-B,110,COMMISSIONED,Lichfield - Kinleith B,TRANSLINE,110 TRANSLINE,22398.7755785369,99cdb4c0-92ec-4eda-b270-54eb070099cb
116,MAN-TWI-A,220,COMMISSIONED,Manapouri - Tiwai A,TRANSLINE,220 TRANSLINE,171415.681726564,b634ed53-9a34-44bc-a911-844155c0842c
117,MDN-MPE-A,110,COMMISSIONED,Marsden - Maungatapere A,TRANSLINE,110 TRANSLINE,29289.4405971627,bf07f186-59d3-4125-985a-55f48f188cc8
118,MER-TAK-A,110,COMMISSIONED,Meremere - Takanini A,TRANSLINE,110 TRANSLINE,15609.4949006882,84a055a0-325a-4b46-b1b7-0adb57258998
122,MNI-DEV-A,110,COMMISSIONED,Motunui - Deviation A,TRANSLINE,110 TRANSLINE,25095.4422123495,713ebbab-035f-400b-9484-f13ab00d950f
123,MST-UHT-A,110,COMMISSIONED,Masterton - Upper Hutt A,TRANSLINE,110 TRANSLINE,54546.0116495105,0114a314-87fb-40dd-b53b-64b52d286166
124,MTI-WKM-A,220,COMMISSIONED,Maraetai - Whakamaru A,TRANSLINE,220 TRANSLINE,9261.06773221723,219e2e5a-cf69-404d-b66c-0145d7a8a30e
125,MTI-WKM-B,220,COMMISSIONED,Maraetai - Whakamaru B,TRANSLINE,220 TRANSLINE,9282.6032043683,48195629-2cc2-487d-abdf-d8e19a5dd9e1
126,MTI-WPA-A,220,COMMISSIONED,Maraetai - Waipapa A,TRANSLINE,220 TRANSLINE,10338.9966703278,b862cdc1-ddc4-410e-8e5b-278e692520a2
127,NMA-TMH-A,220,COMMISSIONED,North Makarewa - Three Mile Hill A,TRANSLINE,220 TRANSLINE,198809.866080121,31eb6204-2782-420c-9508-7197910b5a3e
128,NPL-SFD-A,220,COMMISSIONED,New Plymouth - Stratford A,TRANSLINE,220 TRANSLINE,44722.2236524283,17138945-2fa5-4006-a016-459349663cc3
129,OHA-TWZ-A,220,COMMISSIONED,Ohau A - Twizel A,TRANSLINE,220 TRANSLINE,8655.86013553831,2a947fff-dee4-47ae-a157-ba874a69fe2c
130,OHK-EDG-A,220,COMMISSIONED,Ohakuri - Edgecumbe A,TRANSLINE,220 TRANSLINE,95693.3275929876,9a76cc83-de6f-4a97-88f6-63899613c12d
131,OKE-TMI-A,110,COMMISSIONED,Okere - Te Matai A,TRANSLINE,110 TRANSLINE,26174.1506031375,98153346-f2ad-4b6d-a515-aca292daf5b3
132,OKI-WRK-A,220,COMMISSIONED,Ohaaki - Wairakei A,TRANSLINE,220 TRANSLINE,22971.9179522816,3e13fcbc-9353-4661-a28a-571ec1078365
133,OPK-SFD-A,110,COMMISSIONED,Opunake - Stratford A,TRANSLINE,110 TRANSLINE,39342.669490964,993c48da-4044-4931-9302-126cdc341841
135,OWH-DEV-A,110,COMMISSIONED,Owhata - Deviation A,TRANSLINE,110 TRANSLINE,11680.5112907432,4067f6dd-5590-4f57-ba08-f76a3e879b68
136,PAK-PEN-B-CBL,220,COMMISSIONED,Pakuranga - Penrose B Cable,CABLE,220 CABLE,9005.52479315407,f5c7f1a0-bc45-4200-8743-f3635e0ae5c2
137,PAO-TEE-A,110,COMMISSIONED,Piako - Tee A,TRANSLINE,110 TRANSLINE,2484.47217059586,9825d1dd-a0af-46a1-a51f-54688e61dd7f
138,PEN-ROS-A,110,COMMISSIONED,Penrose - Mt Roskill A,TRANSLINE,110 TRANSLINE,10531.9940303195,d8b2a3d5-7286-49ae-b69e-9551fda95957
139,PKK-TKR-A,110,COMMISSIONED,Paekakariki - Takapu Road A,TRANSLINE,110 TRANSLINE,8086.34290000586,4666dd08-e575-4abe-8e6b-c8b6b0d6e87d
140,PPI-THI-A,220,COMMISSIONED,Poihipi - Te Mihi A,TRANSLINE,220 TRANSLINE,1669.20590105492,d993bc99-c336-47ef-a53f-6b351d107b45
141,PRM-TEE-A,220,COMMISSIONED,Paraparaumu - Tee A,TRANSLINE,220 TRANSLINE,1343.89048825726,7cc8b43d-d826-43b6-a3ee-43fc42394bf7
142,PRM-TEE-B,220,COMMISSIONED,Paraparaumu - Tee B,TRANSLINE,220 TRANSLINE,872.700924436204,a364d3bc-372a-403d-a785-95ef5dd80fd0
143,RDF-WHI-A,220,COMMISSIONED,Redclyffe - Whirinaki A,TRANSLINE,220 TRANSLINE,23305.9015212972,34803d72-8b5a-4a79-a5d8-b0ca9ca9c9a0
144,RDF-WTU-A,220,COMMISSIONED,Redclyffe - Whakatu A,TRANSLINE,220 TRANSLINE,9312.02351127233,09655d6b-74bd-4fab-82b6-a62538e34628
145,ROX-ISL-A,220,COMMISSIONED,Roxburgh - Islington A,TRANSLINE,220 TRANSLINE,375948.339775895,0227776a-7fda-4825-96be-07c2fb728c0c
146,ROX-TMH-A,220,COMMISSIONED,Roxburgh - Three Mile Hill A,TRANSLINE,220 TRANSLINE,101786.834027877,377d5d5d-183d-430a-bb39-139b8de0c423
147,RTO-HTI-A,110,COMMISSIONED,Rangitoto Hills - Hangatiki A,TRANSLINE,110 TRANSLINE,14154.6104738814,fef24faa-55c5-4427-8a1c-b080075e3939
148,SBK-WPR-A,66,COMMISSIONED,Southbrook - Waipara A,TRANSLINE,66 TRANSLINE,34897.0268998183,aa661e02-d167-4556-aea8-103e46901908
149,SFD-TMN-A,220,COMMISSIONED,Stratford - Taumarunui A,TRANSLINE,220 TRANSLINE,109764.733710719,0b97952e-a70d-43c2-aaec-075f724ad049
150,SMK-OTB-A,11,COMMISSIONED,South Makara - Oteranga Bay A,TRANSLINE,11 TRANSLINE,5073.40466609844,f42f6fa2-9cfd-4d23-ab55-579abc36e1a3
151,SMK-OTB-A1-CBL,11,COMMISSIONED,SMK-OTB-A1-CBL Section,CABLE,11 CABLE,545.070080082042,0fa69df6-a42d-4827-ad7b-bc1b873cba3b
153,THI-DEV-A,220,COMMISSIONED,Te Mihi - Deviation A,TRANSLINE,220 TRANSLINE,481.362962710849,5f59a4a7-2bcb-465a-a342-761b1038cfba
154,TIM-DEV-A,220,COMMISSIONED,Timaru - Deviation A,TRANSLINE,220 TRANSLINE,32711.9909708183,11e079f0-3190-4ea5-a18a-490031309dc2
155,TKA-TIM-A,110,COMMISSIONED,Tekapo A - Timaru A,TRANSLINE,110 TRANSLINE,79611.9267108977,4c864096-46ad-43e3-a807-943a56c3bddd
156,TKB-DEV-A,220,COMMISSIONED,Tekapo B - Deviation A,TRANSLINE,220 TRANSLINE,3089.00844021533,d42254bc-a93a-40b6-b66c-9528712f9eae
158,TKR-WIL-A,110,COMMISSIONED,Takapu Road - Wilton A,TRANSLINE,110 TRANSLINE,18603.2096451841,28861113-103b-41a4-9558-1cd7c7af18ce
159,TNG-TEE-A,220,COMMISSIONED,Tangiwai - Tee A,TRANSLINE,220 TRANSLINE,10602.5553762937,3419d7a3-3999-4b6c-91c9-e04abb41f529
160,TRK-DEV-A,110,COMMISSIONED,Tarukenga - Deviation A,TRANSLINE,110 TRANSLINE,1908.89857316929,6bef0772-c7d6-4a34-99ea-a452781ccba3
161,TRK-DEV-B,110,COMMISSIONED,Tarukenga - Deviation B,TRANSLINE,110 TRANSLINE,4842.73416617163,0ca0d15d-771e-478a-9f44-213a586d1cc9
162,TUI-BPE-A,110,COMMISSIONED,Tuai - Bunnythorpe A,TRANSLINE,110 TRANSLINE,93305.758293029,751454cd-3f00-4b85-b23b-278598d52ee1
163,TWC-TEE-A,220,COMMISSIONED,Tararua Wind Central - Tee A,TRANSLINE,220 TRANSLINE,5875.64464165871,02f1d385-79e7-4d77-bc96-3c6b2148fd31
164,TWH-DEV-A,220,COMMISSIONED,Te Kowhai - Deviation A,TRANSLINE,220 TRANSLINE,2029.18832730599,3843617c-fb9b-4a66-bcce-42753802af0c
165,TWZ-DEV-A,220,COMMISSIONED,Twizel - Deviation A,TRANSLINE,220 TRANSLINE,7851.3058532003,84dc4328-230b-4306-9a39-c546dbfb0762
166,WHU-WKO-A,110,COMMISSIONED,Waihou - Waikino A,TRANSLINE,110 TRANSLINE,20643.5471352041,b3a5a82d-d93f-4a18-bb9e-01723bd6d3f7
167,WMG-WPT-A,110,COMMISSIONED,Waimangaroa - Westport A,TRANSLINE,110 TRANSLINE,23527.1083181952,2b4dcd19-44c1-4d94-a3ce-8ae8aec4c9ec
168,WRK-WHI-A,220,COMMISSIONED,Wairakei - Whirinaki A,TRANSLINE,220 TRANSLINE,114161.396627562,3927ee55-6666-4971-86a9-e03901b5730e
169,WRK-WKM-C,220,COMMISSIONED,Wairakei - Whakamaru C,TRANSLINE,220 TRANSLINE,40511.8490943764,2b82774e-7979-41f4-ac22-76ba19eb0836
170,WWD-TEE-A,110,COMMISSIONED,West Wind - Tee A,TRANSLINE,110 TRANSLINE,3165.45124681488,96b3bf4d-b941-4e44-92fe-47041d8742fa
174,HOB-WRD-A-CBL,220,COMMISSIONED,Hobson Street - Wairau Road Cable,CABLE,220 CABLE,9620.66700254494,04e2d001-aeb9-4d56-975b-0507649ecbe5
175,HAM-MER-B2-CBL-Z,110,COMMISSIONED,Hamilton Meremere B2 Cable Section,CABLE,110 CABLE,2475.59996723914,d8788864-c571-43e9-ad3f-212cfd69043e
176,HAM-MER-B1-CBL-Z,110,COMMISSIONED,Hamilton Meremere B1 Cable Section,CABLE,110 CABLE,2301.26031917601,4da1a8ae-8efe-415a-9d05-31b4eae3bf4f
177,HAM-MER-B,110,COMMISSIONED,Hamilton - Meremere B,TRANSLINE,110 TRANSLINE,58802.2814774329,003888ad-3a21-4ec2-8e7f-61fc9764c020
178,EDG-KAW-A,110,COMMISSIONED,Edgecumbe - Kawerau A,TRANSLINE,110 TRANSLINE,13948.624775445,0c34ff04-4c21-459f-8db9-d6e98082a08a
179,EDG-KAW-B,110,COMMISSIONED,Edgecumbe - Kawerau B,TRANSLINE,110 TRANSLINE,14283.3805702382,708cabdd-5100-4082-9e8b-fb8bfc5ad364
180,GOR-TEE-A,220,COMMISSIONED,Gore - Tee A,TRANSLINE,220 TRANSLINE,2133.3092856485,2a06425c-3808-4c8f-aad8-5c105573f39c
181,ALB-HEN-A,110,COMMISSIONED,Albany - Henderson A,TRANSLINE,110 TRANSLINE,15765.3807519803,f8174685-ca0b-4219-8c78-a4c476cb8788
182,ALB-HEN-A1-CBL,110,COMMISSIONED,ALB-HEN-A1 CCT1 Cable Section,CABLE,110 CABLE,3885.22627434011,7ef6e93e-e9c1-4131-a531-d3994a98d99b
183,BHL-WHN-A,400,COMMISSIONED,Brownhill - Whakamaru North A,TRANSLINE,400 TRANSLINE,189053.734997568,8282855d-ea40-4e55-99e9-080021fbbf95
184,BOB-OTA-A,110,COMMISSIONED,Bombay - Otahuhu A,TRANSLINE,110 TRANSLINE,29955.0714335198,8a88c5bf-15d2-4f59-a1a5-e920a4624b32
185,BPE-ONG-A,110,COMMISSIONED,Bunnythorpe - Ongarue A,TRANSLINE,110 TRANSLINE,189310.16986535,b5b43d8b-2d82-49cf-90dd-a1549d557805
186,BPE-WKM-A,220,COMMISSIONED,Bunnythorpe - Whakamaru A,TRANSLINE,220 TRANSLINE,230261.01343969,ebf0c715-57c6-411a-8f3d-3fb5f841adaa
187,BPE-WKM-B,220,COMMISSIONED,Bunnythorpe - Whakamaru B,TRANSLINE,220 TRANSLINE,230631.66991014,9741c4ba-47f1-4588-8f52-265ae6ecb33a
188,BPE-WRK-A,220,COMMISSIONED,Bunnythorpe - Wairakei A,TRANSLINE,220 TRANSLINE,215057.139858066,ce133dd0-fa71-494e-aca6-2842cb4e3c06
189,HAI-TGA-A,110,COMMISSIONED,Hairini - Tauranga A,TRANSLINE,110 TRANSLINE,3805.43307263115,cb7f82be-b623-4ae2-a53f-4654f7c21d6a
190,HAI-TRK-A,220,COMMISSIONED,Hairini - Tarukenga A,TRANSLINE,220 TRANSLINE,39633.3648214313,e85436f5-3877-47d2-9529-a6d9367264ff
191,HAM-MER-A,110,COMMISSIONED,Hamilton - Meremere A,TRANSLINE,110 TRANSLINE,58844.4895442499,36556528-e502-4b9f-95cb-faccdfe55e50
192,HAM-MER-A1-CBL,110,COMMISSIONED,HAM-MER-A Cable Section,CABLE,110 CABLE,857.224254885122,638b2f27-106e-4305-9b04-84793ce38c85
193,HEN-OTA-A,220,COMMISSIONED,Henderson - Otahuhu A,TRANSLINE,220 TRANSLINE,33182.3739895602,f852ccf8-e17a-4540-be5a-11a027ec29aa
194,HLY-OTA-A,220,COMMISSIONED,Huntly - Otahuhu A,TRANSLINE,220 TRANSLINE,76954.6968442372,cf201256-c08d-4e91-8057-426dd0d8758e
195,INV-MAN-A,220,COMMISSIONED,Invercargill - Manapouri A,TRANSLINE,220 TRANSLINE,145846.630038183,136f1006-30e8-4856-bb85-e40073d8f234
196,KHD-TKR-A,33,COMMISSIONED,Khandallah - Takapu Road A,TRANSLINE,33 TRANSLINE,11655.6867693132,d139ff3f-74f3-4cac-9be3-88975af74cf2
197,KWA-WIL-A,110,COMMISSIONED,Kaiwharawhara - Wilton A,TRANSLINE,110 TRANSLINE,3234.93965585922,37e03dd5-845a-494e-8e43-bc93b6b6c2db
198,KWA-WIL-A1-CBL,110,COMMISSIONED,Kaiwharawhara - Wilton A,CABLE,110 CABLE,492.106454128432,661dd86f-c5df-415b-88ad-1d272eb481ae
199,KWA-WIL-A2-CBL,110,COMMISSIONED,Kaiwharawhara - Wilton A,CABLE,110 CABLE,494.178470858231,f3d0d0e9-d7c9-4f86-9e30-a19820696d36
200,MGM-MST-A,110,COMMISSIONED,Mangamaire - Masterton A,TRANSLINE,110 TRANSLINE,56427.5232942304,e831f83b-910c-47fe-99cf-1ee4340da75f
201,MGM-WDV-A,110,COMMISSIONED,Mangamaire - Woodville A,TRANSLINE,110 TRANSLINE,26448.3862208373,8badfb18-8339-4a43-a466-7c0b8a6a0293
202,MNG-OTA-A,110,COMMISSIONED,Mangere - Otahuhu A,TRANSLINE,110 TRANSLINE,3994.63299719912,c04513ad-00fb-4390-962d-18fc9aacc7a0
203,MNG-ROS-A,110,COMMISSIONED,Mangere - Mt Roskill A,TRANSLINE,110 TRANSLINE,12274.8255617062,66580150-623f-4878-b471-987d39e0cdde
204,OTA-PAK-A,220,COMMISSIONED,Otahuhu - Pakuranga A,TRANSLINE,220 TRANSLINE,5886.95791093841,dfbbcd11-91ee-4260-b692-ef19d658ee45
205,OTA-PEN-A,110,COMMISSIONED,Otahuhu - Penrose A,TRANSLINE,110 TRANSLINE,7373.83390953843,4990bd0c-cd19-4b5f-b9b5-51ab2b8b491c
206,OTA-PEN-A1-CBL,110,COMMISSIONED,OTA-PEN-A1-CBL Section,CABLE,110 CABLE,2664.56690733472,a28a3010-d0b0-4aa7-a8fa-bcafb75d83d1
207,OTA-PEN-B,110,COMMISSIONED,Otahuhu - Penrose B,TRANSLINE,110 TRANSLINE,7317.26139341088,8c666e80-0a5c-4100-ad12-cc364ec68cd8
208,OTA-PEN-B-CBL,110,COMMISSIONED,,CABLE,110 CABLE,5367.58957347904,11027a7e-ca11-4c8f-9736-1ce48184a893
209,OTA-PEN-C,220,COMMISSIONED,Otahuhu - Penrose C,TRANSLINE,220 TRANSLINE,10913.0581205298,36693027-4432-46cd-96ef-2df97f561540
210,OTA-WKM-C,220,COMMISSIONED,Otahuhu - Whakamaru C,TRANSLINE,220 TRANSLINE,192292.688522047,f31bc1de-b192-45ca-a213-79db58b5e383
211,OTB-HAY-A,350,COMMISSIONED,Oteranga Bay - Haywards A,TRANSLINE,350 TRANSLINE,37390.4953753747,51b06eeb-3c7a-41da-ad9b-e14cc32d6dbe
212,RDF-TUI-A,110,COMMISSIONED,Redclyffe - Tuai A,TRANSLINE,110 TRANSLINE,97196.4947540718,7aab575a-c59f-4a30-a4ec-db42939fd000
213,ROT-TRK-A,110,COMMISSIONED,Rotorua - Tarukenga A,TRANSLINE,110 TRANSLINE,11802.3141824532,4dc41e32-d77f-4cc0-be01-18db159aa823
214,RPO-DEV-A,220,COMMISSIONED,Rangipo - Deviation A,TRANSLINE,220 TRANSLINE,6292.84995071411,58d5bf92-7793-4ddb-98d9-6ecbd6f0f8ec
215,THW-DEV-A,0,COMMISSIONED,Te Hikowhenua - Deviation A,TRANSLINE,0 TRANSLINE,4451.01927998509,5f40ce88-6876-4613-b082-dc0732aecc78
216,WGN-SFD-A,110,COMMISSIONED,Wanganui - Stratford A,TRANSLINE,110 TRANSLINE,109979.74791385,59b95b5c-26be-454f-834d-c4751ad192a6
218,BPE-WGN-B,110,COMMISSIONED,Bunnythorpe - Wanganui B,TRANSLINE,110 TRANSLINE,62135.2364970885,1aeb4303-0a11-40ea-8916-7b454f2cebe8
219,COL-OTI-A,66,COMMISSIONED,Coleridge - Otira A,TRANSLINE,66 TRANSLINE,83547.9393275153,0002a80d-f1e4-4f0f-8867-94519c1ed6fb
220,EDG-WAI-B,110,COMMISSIONED,Edgecumbe - Waiotahi B,TRANSLINE,110 TRANSLINE,35235.7924122837,5371bda4-cf7f-41a2-b5a5-dea1523f8f14
221,GFD-HAY-A,110,COMMISSIONED,Gracefield - Haywards A,TRANSLINE,110 TRANSLINE,15292.1074425542,505b0bc1-e87c-4e6c-a5ba-01b13463dea2
222,HAM-DEV-A,220,COMMISSIONED,Hamilton - Deviation A,TRANSLINE,220 TRANSLINE,6198.34773449291,a0addb7d-eba2-4613-a5e9-423a0055b598
223,INV-ROX-A,220,COMMISSIONED,Invercargill - Roxburgh A,TRANSLINE,220 TRANSLINE,132746.888889313,a8645689-6017-4ca4-82fc-7acf75c0004c
224,INV-ROX-B,220,COMMISSIONED,Invercargill - Roxburgh B,TRANSLINE,220 TRANSLINE,127062.936426973,915a030f-ec62-4545-8fe0-0b72d1016d03
225,ISL-SBK-A,66,COMMISSIONED,Islington - Southbrook A,TRANSLINE,66 TRANSLINE,25685.8305688488,f06164df-e464-4f59-a5f5-ec35ea9c142f
226,KAW-MAT-A,110,COMMISSIONED,Kawerau - Matahina A,TRANSLINE,110 TRANSLINE,9905.21158643644,160e507f-ea5d-4a9b-9e28-6c0c65a648da
227,KPU-WKO-A,110,COMMISSIONED,Kopu - Waikino A,TRANSLINE,110 TRANSLINE,33561.3658577826,c32ef780-86e6-4454-8683-5e8184a2f321
228,NPK-RTR-A,110,COMMISSIONED,National Park - Retaruke A,TRANSLINE,110 TRANSLINE,10175.762568689,b50d8a2c-edab-426e-b5c8-8bb837bed043
229,OTA-WKM-A,220,COMMISSIONED,Otahuhu - Whakamaru A,TRANSLINE,220 TRANSLINE,190984.383208745,c37ad849-d55d-47c2-adc7-e786974094d1
230,OTA-WKM-B,220,COMMISSIONED,Otahuhu - Whakamaru B,TRANSLINE,220 TRANSLINE,191133.127840597,df8d7da5-edb4-48b8-bf28-523e252470b7
231,ROX-TWZ-A,220,COMMISSIONED,Roxburgh - Twizel A,TRANSLINE,220 TRANSLINE,175153.700431391,211ee7ad-3312-45f3-ab5a-a28d165f9355
1838,WRK-WKM-A,220,COMMISSIONED,Wairakei - Whakamaru A,TRANSLINE,220 TRANSLINE,56477.9383257334,99d27e98-8c30-401a-8cd0-2255a4064bb8
1840,JRD-TEE-A,110,COMMISSIONED,Junction Road - Tee A,TRANSLINE,110 TRANSLINE,358.810852978533,ad699768-e098-4807-9f19-52100b4a22e5
2298,OTA-WKM-A1-CBL,220,COMMISSIONED,OTA-WKM-A1 Cable,CABLE,220 CABLE,6844.02343988091,5435833e-9274-47b1-a05c-f593f786a23c
2299,OTA-WKM-B2-CBL,220,COMMISSIONED,OTA-WKM-B2 Cable,CABLE,220 CABLE,6813.560443472,61029c66-fa41-4b78-96c7-80764ddf845f
